t_sec,brightness
0.0,82.40467399691359
0.03334712263283692,79.73119598765432
0.06669424526567384,77.98115740740741
0.10004136789851076,77.9548900462963
0.1333884905313477,75.63748649691358
0.16673561316418462,74.95993827160494
0.20008273579702152,74.66291280864198
0.23342985842985844,74.65609182098765
0.2667769810626954,74.73583719135803
0.3001241036955323,74.41891975308641
0.33347122632836923,73.86531442901234
0.36681834896120613,73.43809606481481
0.40016547159404303,72.96587770061728
0.43351259422688,72.31791087962964
0.4668597168597169,71.8697125771605
0.5002068394925538,71.02043209876543
0.5335539621253907,70.53654320987654
0.5669010847582276,70.05565779320987
0.6002482073910645,69.68885223765432
0.6335953300239016,69.27923225308642
0.6669424526567385,69.00527970679012
0.7002895752895754,68.69308256172839
0.7336366979224123,68.39996913580246
0.7669838205552492,68.11203125
0.8003309431880861,67.83315972222222
0.8336780658209231,67.5698398919753
0.86702518845376,67.34159915123456
0.9003723110865969,67.16262731481481
0.9337194337194338,66.93255015432099
0.9670665563522707,66.79780478395061
1.0004136789851077,66.64600308641975
1.0337608016179445,66.48407214506173
1.0671079242507815,66.28190779320988
1.1004550468836185,66.03937114197531
1.1338021695164553,65.79370949074074
1.1671492921492923,65.53628279320988
1.200496414782129,65.25634645061729
1.233843537414966,64.97945987654322
1.2671906600478031,64.78308641975309
1.30053778268064,64.57765046296296
1.333884905313477,64.3945351080247
1.3672320279463137,64.28811535493827
1.4005791505791507,64.20732445987655
1.4339262732119877,64.17488811728396
1.4672733958448245,64.23389853395062
1.5006205184776615,64.29848572530864
1.5339676411104983,64.38806520061729
1.5673147637433353,64.47919174382716
1.6006618863761721,64.61243055555556
1.6340090090090091,64.9671026234568
1.6673561316418462,65.15090277777777
1.700703254274683,65.32600308641975
1.73405037690752,65.49026041666667
1.7673974995403567,65.66373263888889
1.8007446221731938,65.83089699074074
1.8340917448060308,65.98172453703704
1.8674388674388676,66.07547067901234
1.9007859900717046,66.12227044753087
1.9341331127045414,66.11378086419754
1.9674802353373784,66.16589506172839
2.0008273579702154,66.1551099537037
2.034174480603052,65.37726273148148
2.067521603235889,65.35971450617284
2.100868725868726,65.3710262345679
2.134215848501563,65.35232445987654
2.1675629711343998,65.33733217592592
2.200910093767237,65.34626350308642
2.234257216400074,65.38316550925926
2.2676043390329106,65.40730516975309
2.3009514616657474,65.35390817901235
2.3342985842985846,65.30920331790124
2.3676457069314214,65.32908564814815
2.400992829564258,65.3953086419753
2.4343399521970954,66.42431520061729
2.467687074829932,66.54231095679012
2.501034197462769,66.63758680555556
2.5343813200956062,66.74783564814815
2.567728442728443,66.83412808641975
2.60107556536128,66.98871334876543
2.6344226879941166,67.04802469135802
2.667769810626954,67.20478395061728
2.7011169332597906,67.26672453703704
2.7344640558926274,67.36327932098766
2.7678111785254647,67.42146219135803
2.8011583011583014,67.45552469135802
2.8345054237911382,67.2934375
2.8678525464239755,67.24202160493827
2.9011996690568123,67.13186921296297
2.934546791689649,67.09979359567902
2.967893914322486,67.05636188271605
3.001241036955323,67.05988040123457
3.03458815958816,67.01852430555556
3.0679352822209967,67.00923804012346
3.101282404853834,66.99973765432098
3.1346295274866707,67.02587962962963
3.1679766501195075,67.01357831790123
3.2013237727523443,67.0378125
3.2346708953851815,67.03928433641975
3.2680180180180183,67.08117283950617
3.301365140650855,67.07012538580247
3.3347122632836923,67.10813271604938
3.368059385916529,67.16846064814816
3.401406508549366,67.2412249228395
3.434753631182203,67.25326195987654
3.46810075381504,67.32650462962962
3.5014478764478767,67.41933641975308
3.5347949990807135,67.50463734567901
3.5681421217135507,67.53059413580247
3.6014892443463875,67.65790316358024
3.6348363669792243,67.57823109567902
3.6681834896120615,67.45920717592593
3.7015306122448983,67.36232060185185
3.734877734877735,67.23402777777778
3.7682248575105723,67.22064236111112
3.801571980143409,67.18695987654321
3.834919102776246,67.17007523148148
3.8682662254090827,67.1208063271605
3.90161334804192,67.12962191358025
3.9349604706747567,67.11997299382716
3.9683075933075935,67.12115354938271
4.001654715940431,67.10323881172839
4.035001838573267,67.1094174382716
4.068348961206104,67.11293981481481
4.101696083838942,67.12609375
4.135043206471778,67.14701774691358
4.168390329104615,67.19181905864197
4.201737451737452,67.1966975308642
4.235084574370289,67.2146199845679
4.268431697003126,67.22930941358025
4.301778819635963,67.32235146604938
4.3351259422687995,67.36558834876543
4.368473064901637,67.40886766975309
4.401820187534474,67.46177854938271
4.43516731016731,67.5247048611111
4.468514432800148,67.53609375
4.501861555432985,67.54382330246914
4.535208678065821,67.47843364197531
4.568555800698658,67.37770447530865
4.601902923331495,67.28347608024691
4.635250045964332,67.24358410493826
4.668597168597169,67.19652006172839
4.701944291230006,67.17766782407408
4.735291413862843,67.14302854938272
4.76863853649568,67.14877700617284
4.801985659128516,67.11038194444444
4.835332781761354,67.09787229938271
4.868679904394191,67.08431520061728
4.902027027027027,67.09733603395061
4.935374149659864,67.09332947530864
4.968721272292702,67.137081404321
5.002068394925538,67.14799961419753
5.035415517558375,67.17629822530864
5.0687626401912125,67.19867283950617
5.102109762824049,67.3022974537037
5.135456885456886,67.33423611111111
5.168804008089723,67.36887924382717
5.20215113072256,67.41153163580248
5.235498253355397,67.49296296296296
5.268845375988233,67.5397762345679
5.3021924986210704,67.55669560185186
5.335539621253908,67.53725694444445
5.368886743886744,67.46544174382716
5.402233866519581,67.3805362654321
5.4355809891524185,67.28126157407408
5.468928111785255,67.21175733024691
5.502275234418092,67.09228973765433
5.535622357050929,67.0275675154321
5.568969479683766,66.99816936728395
5.602316602316603,66.9463599537037
5.63566372494944,66.97977816358025
5.6690108475822765,67.0082349537037
5.702357970215114,67.0370351080247
5.735705092847951,67.02477237654321
5.769052215480787,67.12592206790123
5.8023993381136245,67.14570408950617
5.835746460746461,67.18693479938271
5.869093583379298,67.21592592592593
5.902440706012135,67.37472800925926
5.935787828644972,67.43827932098766
5.969134951277809,67.50143711419753
6.002482073910646,67.564168595679
6.0358291965434825,67.6928125
6.06917631917632,67.76283564814815
6.102523441809157,67.83481288580246
6.135870564441993,67.89770640432099
6.1692176870748305,67.86764853395061
6.202564809707668,67.62152584876543
6.235911932340504,67.52312692901235
6.269259054973341,67.37933063271605
6.302606177606179,67.325625
6.335953300239015,67.29157600308642
6.369300422871852,67.26459490740741
6.4026475455046885,67.23771412037037
6.435994668137526,67.16525077160493
6.469341790770363,67.12886766975309
6.502688913403199,67.10866319444445
6.536036036036037,67.08239197530864
6.569383158668874,67.12452546296296
6.60273028130171,67.11999807098765
6.636077403934547,67.14641589506172
6.669424526567385,67.12371334876543
6.702771649200221,67.20971450617284
6.736118771833058,67.23172453703704
6.769465894465895,67.27937307098766
6.802813017098732,67.32183449074074
6.836160139731569,67.46073688271605
6.869507262364406,67.5511824845679
6.902854384997243,67.67711805555555
6.93620150763008,68.01795524691359
6.969548630262917,68.1291338734568
7.002895752895753,68.16246913580247
7.036242875528591,68.15782214506173
7.069589998161427,68.04940586419752
7.102937120794264,67.79358603395062
7.136284243427101,67.5901311728395
7.169631366059938,67.49440200617283
7.202978488692775,67.42466049382716
7.236325611325612,67.37335455246914
7.269672733958449,67.34967785493828
7.303019856591286,67.34122106481482
7.336366979224123,67.34282407407407
7.369714101856959,67.29032021604938
7.403061224489797,67.2612037037037
7.436408347122634,67.24310570987655
7.46975546975547,67.19100308641976
7.5031025923883075,67.23810763888889
7.536449715021145,67.27149691358025
7.569796837653981,67.35692901234567
7.603143960286818,67.42066936728395
7.636491082919655,67.5807986111111
7.669838205552492,67.65849151234568
7.703185328185329,67.80362654320987
7.736532450818165,67.8724787808642
7.769879573451003,67.97247106481481
7.80322669608384,68.01331018518519
7.836573818716676,68.05023148148148
7.8699209413495135,68.08388310185185
7.903268063982351,68.0902449845679
7.936615186615187,68.04693094135803
7.969962309248024,67.9679938271605
8.003309431880862,67.79363040123457
8.036656554513698,67.65324459876543
8.070003677146534,67.5594849537037
8.103350799779372,67.47406442901234
8.136697922412209,67.4123225308642
8.170045045045045,67.3789101080247
8.203392167677883,67.36605324074074
8.23673929031072,67.37743055555555
8.270086412943556,67.38532021604938
8.303433535576394,67.34094328703704
8.33678065820923,67.3192862654321
8.370127780842067,67.31394675925925
8.403474903474905,67.30221836419753
8.436822026107741,67.35166280864198
8.470169148740577,67.38388117283951
8.503516271373416,67.43065586419753
8.536863394006252,67.45073302469136
8.570210516639088,67.6372299382716
8.603557639271926,67.7644849537037
8.636904761904763,67.89353202160494
8.670251884537599,67.98634837962963
8.703599007170437,68.09989969135802
8.736946129803274,68.13820987654321
8.77029325243611,68.13315779320988
8.803640375068948,67.9018499228395
8.836987497701784,67.6815875771605
8.87033462033462,67.56641589506172
8.903681742967459,67.50218364197531
8.937028865600295,67.44291666666666
8.970375988233132,67.41241705246914
9.00372311086597,67.38306712962962
9.037070233498806,67.37431905864197
9.070417356131642,67.34715277777778
9.10376447876448,67.33208719135803
9.137111601397317,67.36465856481482
9.170458724030153,67.38466242283951
9.20380584666299,67.39787422839507
9.237152969295828,67.51237268518518
9.270500091928664,67.57815393518518
9.3038472145615,67.74589506172839
9.337194337194338,67.86260609567901
9.370541459827175,68.0000675154321
9.403888582460011,68.0684162808642
9.43723570509285,68.15445987654321
9.470582827725686,68.184581404321
9.503929950358522,68.24287808641975
9.53727707299136,68.22789544753087
9.570624195624196,68.20238233024692
9.603971318257033,68.00413966049383
9.63731844088987,67.85851466049382
9.670665563522707,67.70995563271605
9.704012686155544,67.64850308641975
9.737359808788382,67.57372106481482
9.770706931421218,67.55039158950618
9.804054054054054,67.51760609567901
9.837401176686893,67.47543981481482
9.870748299319729,67.44313850308642
9.904095421952565,67.4381037808642
9.937442544585403,67.41976466049383
9.97078966721824,67.4371450617284
10.004136789851076,67.44657407407408
10.037483912483914,67.45757523148148
10.07083103511675,67.49293595679012
10.104178157749587,67.51389274691358
10.137525280382425,67.54501543209877
10.170872403015261,67.66488618827161
10.204219525648098,67.69365933641976
10.237566648280936,67.81275270061728
10.270913770913772,67.86916666666667
10.304260893546608,68.03862847222223
10.337608016179447,68.14824266975309
10.370955138812283,68.12882137345679
10.40430226144512,67.90555748456791
10.437649384077956,67.72198495370371
10.470996506710794,67.59538580246914
10.50434362934363,67.52202546296296
10.537690751976466,67.41026041666667
10.571037874609305,67.37224922839506
10.604384997242141,67.32423032407408
10.637732119874977,67.29528356481481
10.671079242507815,67.23912229938271
10.704426365140652,67.22800733024691
10.737773487773488,67.22531828703704
10.771120610406326,67.23163194444444
10.804467733039163,67.22234182098765
10.837814855671999,67.25105131172839
10.871161978304837,67.26633680555555
10.904509100937673,67.2994212962963
10.93785622357051,67.34380979938271
10.971203346203348,67.49716820987655
11.004550468836184,67.63593557098766
11.03789759146902,67.774425154321
11.071244714101859,67.86866898148148
11.104591836734695,67.96751157407408
11.137938959367531,67.98303433641975
11.17128608200037,68.0214274691358
11.204633204633206,67.98842206790124
11.237980327266042,67.80838734567901
11.27132744989888,67.58566358024692
11.304674572531717,67.53128858024691
11.338021695164553,67.44266396604938
11.371368817797391,67.4465837191358
11.404715940430227,67.42493827160494
11.438063063063064,67.41311921296297
11.471410185695902,67.3634336419753
11.504757308328738,67.3713175154321
11.538104430961575,67.36341435185186
11.571451553594413,67.3672974537037
11.604798676227249,67.3464988425926
11.638145798860085,67.39189814814814
11.671492921492922,67.39360532407407
11.70484004412576,67.42842399691358
11.738187166758596,67.44729359567901
11.771534289391433,67.56052083333333
11.80488141202427,67.5976388888889
11.838228534657107,67.64287037037037
11.871575657289943,67.67316936728395
11.904922779922781,67.75266589506172
11.938269902555618,67.79929398148148
11.971617025188454,67.84785300925925
12.004964147821292,67.89297646604938
12.038311270454129,67.8655362654321
12.071658393086965,67.82874614197532
12.105005515719803,67.80249228395061
12.13835263835264,67.73113233024691
12.171699760985476,67.70196180555556
12.205046883618314,67.64751543209877
12.23839400625115,67.6102700617284
12.271741128883987,67.52281828703704
12.305088251516825,67.51320408950617
12.338435374149661,67.48743827160494
12.371782496782497,67.49699459876543
12.405129619415336,67.46400077160494
12.438476742048172,67.50193287037037
12.471823864681008,67.51007908950618
12.505170987313846,67.53393904320987
12.538518109946683,67.53944637345678
12.571865232579519,67.62737847222222
12.605212355212357,67.66249614197531
12.638559477845194,67.68704282407407
12.67190660047803,67.72904320987654
12.705253723110868,67.88641203703703
12.738600845743704,67.95637152777778
12.77194796837654,68.04351658950617
12.805295091009377,68.02464699074073
12.838642213642215,67.8000675154321
12.871989336275051,67.58782407407408
12.905336458907888,67.48195987654321
12.938683581540726,67.42097029320988
12.972030704173562,67.32414158950617
13.005377826806399,67.27505594135802
13.038724949439237,67.24342978395062
13.072072072072073,67.16575810185185
13.10541919470491,67.18342592592593
13.138766317337748,67.17697337962963
13.172113439970584,67.19899691358025
13.20546056260342,67.18231481481482
13.238807685236258,67.24412422839507
13.272154807869095,67.25356481481481
13.305501930501931,67.28150462962962
13.33884905313477,67.28268325617285
13.372196175767606,67.41308641975309
13.405543298400442,67.47453703703704
13.43889042103328,67.53151813271604
13.472237543666116,67.59940586419754
13.505584666298953,67.73743827160494
13.53893178893179,67.80424575617283
13.572278911564627,67.88794174382716
13.605626034197464,67.93156057098766
13.638973156830302,67.85730709876543
13.672320279463138,67.62707561728395
13.705667402095974,67.5042399691358
13.739014524728812,67.39000192901234
13.772361647361649,67.33060956790123
13.805708769994485,67.29196952160494
13.839055892627323,67.25101658950618
13.87240301526016,67.20438850308642
13.905750137892996,67.11544945987654
13.939097260525834,67.06112075617284
13.97244438315867,67.0346199845679
14.005791505791507,66.99730709876543
14.039138628424343,67.0529050925926
14.072485751057181,67.09141782407407
14.105832873690018,67.16767168209877
14.139179996322854,67.21695601851852
14.172527118955692,67.35965277777778
14.205874241588528,67.41747685185184
14.239221364221365,67.48976273148148
14.272568486854203,67.54032600308642
14.30591560948704,67.66602430555555
14.339262732119876,67.73087191358024
14.372609854752714,67.78611689814815
14.40595697738555,67.86056712962963
14.439304100018386,67.9843923611111
14.472651222651225,68.02502507716049
14.50599834528406,67.97599151234567
14.539345467916897,67.76778356481482
14.572692590549735,67.65397955246914
14.606039713182572,67.56891975308642
14.639386835815408,67.49201195987655
14.672733958448246,67.38875385802469
14.706081081081082,67.32577932098765
14.739428203713919,67.2881712962963
14.772775326346757,67.25061921296296
14.806122448979593,67.22936535493827
14.83946957161243,67.16525270061729
14.872816694245268,67.13814814814815
14.906163816878104,67.11408757716049
14.93951093951094,67.09668402777778
14.972858062143779,67.13793595679013
15.006205184776615,67.18602044753086
15.039552307409451,67.22996720679012
15.07289943004229,67.24574652777778
15.106246552675126,67.39956211419754
15.139593675307962,67.4731925154321
15.1729407979408,67.55744405864198
15.206287920573637,67.60130015432098
15.239635043206473,67.73428433641975
15.27298216583931,67.79321566358024
15.306329288472147,67.85851851851852
15.339676411104984,67.85894290123457
15.37302353373782,67.7830150462963
15.406370656370658,67.60651234567901
15.439717779003495,67.51983796296297
15.47306490163633,67.43907214506173
15.506412024269169,67.4009375
15.539759146902005,67.37613811728394
15.573106269534842,67.35182098765432
15.60645339216768,67.31672067901235
15.639800514800516,67.31649691358025
15.673147637433352,67.3031886574074
15.70649476006619,67.30291087962964
15.739841882699027,67.29315586419753
15.773189005331863,67.30283179012346
15.806536127964701,67.27494405864198
15.839883250597538,67.27835262345678
15.873230373230374,67.27266782407408
15.906577495863212,67.37807870370371
15.939924618496049,67.46009452160494
15.973271741128885,67.54313078703704
16.006618863761723,67.63543788580247
16.03996598639456,67.81652970679012
16.073313109027396,67.9041300154321
16.106660231660232,68.00853973765432
16.14000735429307,68.05840663580247
16.17335447692591,68.05968557098765
16.206701599558745,67.9765586419753
16.24004872219158,67.65464506172839
16.273395844824417,67.51425733024692
16.306742967457254,67.4334375
16.34009009009009,67.37876350308642
16.37343721272293,67.30902391975309
16.406784335355766,67.26568287037037
16.440131457988603,67.23668981481481
16.47347858062144,67.20368634259259
16.506825703254275,67.19323302469135
16.54017282588711,67.17472800925925
16.57351994851995,67.16865547839507
16.606867071152788,67.16860725308642
16.640214193785624,67.17219328703703
16.67356131641846,67.19052083333334
16.706908439051297,67.27491705246914
16.740255561684133,67.31944637345678
16.773602684316973,67.40783950617283
16.80694980694981,67.43815200617284
16.840296929582646,67.58613233024691
16.873644052215482,67.69452353395062
16.90699117484832,67.7700424382716
16.940338297481155,67.82784529320988
16.973685420113995,67.9667611882716
17.00703254274683,68.03275848765432
17.040379665379668,68.13149112654321
17.073726788012504,68.19220679012345
17.10707391064534,68.1474575617284
17.140421033278177,67.97628665123457
17.173768155911013,67.69265239197532
17.207115278543853,67.54216435185185
17.24046240117669,67.44547453703704
17.273809523809526,67.40166859567901
17.307156646442362,67.35276427469135
17.340503769075198,67.28411458333333
17.373850891708035,67.23750192901234
17.407198014340874,67.21947530864198
17.44054513697371,67.20393904320987
17.473892259606547,67.18731288580247
17.507239382239383,67.17933641975308
17.54058650487222,67.17135416666666
17.573933627505056,67.17637152777777
17.607280750137896,67.18903549382716
17.640627872770732,67.25575231481481
17.67397499540357,67.27788966049383
17.707322118036405,67.35836612654322
17.74066924066924,67.40158950617284
17.774016363302078,67.60088927469135
17.807363485934918,67.70141203703703
17.840710608567754,67.84530092592593
17.87405773120059,67.91709104938272
17.907404853833427,68.05189043209876
17.940751976466263,68.10985918209876
17.9740990990991,68.18422453703704
18.00744622173194,68.18320794753086
18.040793344364776,68.06032600308642
18.074140466997612,67.81030285493827
18.10748758963045,67.68153549382716
18.140834712263285,67.54763888888888
18.17418183489612,67.47857638888888
18.20752895752896,67.42640625
18.240876080161797,67.37663773148148
18.274223202794634,67.31844907407407
18.30757032542747,67.28918788580246
18.340917448060306,67.27006558641975
18.374264570693143,67.25023726851852
18.40761169332598,67.24277391975309
18.44095881595882,67.2526774691358
18.474305938591655,67.26994598765432
18.50765306122449,67.29953317901234
18.541000183857328,67.34366512345679
18.574347306490164,67.51715856481482
18.607694429123,67.62089891975309
18.64104155175584,67.75223958333333
18.674388674388677,67.79855324074074
18.707735797021513,67.9170736882716
18.74108291965435,67.99606288580247
18.774430042287186,68.07159336419753
18.807777164920022,68.1383275462963
18.841124287552862,68.19985146604938
18.8744714101857,68.18775077160494
18.907818532818535,68.11758294753086
18.94116565545137,67.85972029320988
18.974512778084208,67.76370949074074
19.007859900717044,67.65869598765433
19.041207023349884,67.5980574845679
19.07455414598272,67.5260686728395
19.107901268615556,67.48845293209877
19.141248391248393,67.46815007716049
19.17459551388123,67.46366898148148
19.207942636514066,67.43696952160494
19.241289759146905,67.43401427469136
19.27463688177974,67.43144290123456
19.307984004412578,67.42989583333333
19.341331127045414,67.42814429012346
19.37467824967825,67.47541087962964
19.408025372311087,67.51178047839507
19.441372494943927,67.53481481481481
19.474719617576763,67.58879822530864
19.5080667402096,67.7497974537037
19.541413862842436,67.81483796296297
19.574760985475272,67.89802854938272
19.60810810810811,67.91837962962963
19.641455230740945,68.03166666666667
19.674802353373785,68.07794367283951
19.70814947600662,68.11254436728395
19.741496598639458,68.05913966049383
19.774843721272294,67.89972222222222
19.80819084390513,67.77046682098765
19.841537966537967,67.69847415123456
19.874885089170807,67.59327353395062
19.908232211803643,67.56477044753086
19.94157933443648,67.5198688271605
19.974926457069316,67.50782600308642
20.008273579702152,67.473018904321
20.04162070233499,67.46987847222222
20.07496782496783,67.45967399691358
20.108314947600665,67.45523341049383
20.1416620702335,67.4435262345679
20.175009192866337,67.4681211419753
20.208356315499174,67.47365162037038
20.24170343813201,67.48421296296296
20.27505056076485,67.47688078703703
20.308397683397686,67.57176697530865
20.341744806030523,67.60791859567901
20.37509192866336,67.64311728395062
20.408439051296195,67.69936342592592
20.44178617392903,67.84313850308642
20.47513329656187,67.88521026234568
20.508480419194708,67.94019097222223
20.541827541827544,67.9226523919753
20.57517466446038,67.91155285493826
20.608521787093217,67.80021797839507
20.641868909726053,67.58547067901235
20.675216032358893,67.4006963734568
20.70856315499173,67.3834587191358
20.741910277624566,67.35081983024692
20.775257400257402,67.4164911265432
20.80860452289024,67.44048804012345
20.841951645523075,67.43076195987655
20.87529876815591,67.39357253086419
20.90864589078875,67.36289544753086
20.941993013421587,67.32834490740741
20.975340136054424,67.36904899691358
21.00868725868726,67.37692901234568
21.042034381320097,67.38670331790124
21.075381503952933,67.38769097222222
21.108728626585773,67.43610146604938
21.14207574921861,67.45275077160494
21.175422871851445,67.47368827160494
21.208769994484282,67.49486304012346
21.242117117117118,67.59599729938272
21.275464239749954,67.67043788580247
21.308811362382794,67.71637152777778
21.34215848501563,67.78554012345678
21.375505607648467,67.78088541666666
21.408852730281303,67.67368634259259
21.44219985291414,67.42057677469136
21.475546975546976,67.27468364197532
21.508894098179816,67.26803819444444
21.542241220812652,67.20985146604939
21.57558834344549,67.19983410493828
21.608935466078325,67.13266589506173
21.64228258871116,67.14342785493827
21.675629711343998,67.12529513888889
21.708976833976838,67.12616512345679
21.742323956609674,67.0968788580247
21.77567107924251,67.12657021604939
21.809018201875347,67.13434027777778
21.842365324508183,67.14880594135802
21.87571244714102,67.16518325617284
21.90905956977386,67.1956712962963
21.942406692406696,67.19342592592592
21.975753815039532,67.200625
22.00910093767237,67.20407986111111
22.042448060305205,67.25317708333333
22.07579518293804,67.27461033950617
22.109142305570877,67.29465856481481
22.142489428203717,67.31933063271605
22.175836550836554,67.34938657407407
22.20918367346939,67.33585455246913
22.242530796102226,67.31496334876543
22.275877918735063,67.19605516975308
22.3092250413679,67.03034143518518
22.34257216400074,66.92031828703703
22.375919286633575,66.82507523148148
22.40926640926641,66.74466049382715
22.442613531899248,66.75027199074074
22.475960654532084,66.75149305555556
22.50930777716492,66.75140625
22.54265489979776,66.74976466049382
22.576002022430597,66.7658912037037
22.609349145063433,66.76551890432098
22.64269626769627,66.76028163580247
22.676043390329106,66.76810570987654
22.709390512961942,66.8066049382716
22.742737635594782,66.82694830246913
22.77608475822762,66.85918595679013
22.809431880860455,66.88840470679013
22.84277900349329,67.00471064814815
22.876126126126128,67.08016203703704
22.909473248758964,67.15140817901235
22.942820371391804,67.26026041666667
22.97616749402464,67.41108989197531
23.009514616657476,67.49640046296297
23.042861739290313,67.60498456790124
23.07620886192315,67.62243441358025
23.109555984555985,67.55448688271605
23.142903107188825,67.50640432098766
23.17625022982166,67.45008487654322
23.209597352454498,67.38108796296297
23.242944475087334,67.28734953703703
23.27629159772017,67.2269849537037
23.309638720353007,67.20001736111111
23.342985842985843,67.15770061728395
23.376332965618683,67.18372685185186
23.40968008825152,67.18747685185186
23.443027210884356,67.1860011574074
23.476374333517192,67.17790895061728
23.50972145615003,67.20962191358025
23.543068578782865,67.22515432098766
23.576415701415705,67.23910493827161
23.60976282404854,67.2360088734568
23.643109946681378,67.3231712962963
23.676457069314214,67.36229552469136
23.70980419194705,67.40798032407407
23.743151314579887,67.46514660493827
23.776498437212727,67.57121720679012
23.809845559845563,67.61045138888889
23.8431926824784,67.65471836419754
23.876539805111236,67.6600424382716
23.909886927744072,67.58575617283951
23.94323405037691,67.51773341049383
23.97658117300975,67.457393904321
24.009928295642585,67.38582175925926
24.04327541827542,67.37083719135802
24.076622540908257,67.35973572530864
24.109969663541094,67.34307677469135
24.14331678617393,67.32498070987654
24.17666390880677,67.26657214506173
24.210011031439606,67.23939236111111
24.243358154072443,67.21771990740741
24.27670527670528,67.1902488425926
24.310052399338115,67.2289313271605
24.34339952197095,67.25810570987655
24.37674664460379,67.29477237654321
24.410093767236628,67.28906828703704
24.443440889869464,67.39156057098765
24.4767880125023,67.43879050925926
24.510135135135137,67.4885474537037
24.543482257767973,67.51311921296296
24.57682938040081,67.5580999228395
24.61017650303365,67.55188271604938
24.643523625666486,67.53605902777778
24.676870748299322,67.46294174382716
24.71021787093216,67.44645061728394
24.743564993564995,67.41900462962963
24.77691211619783,67.39477237654322
24.81025923883067,67.33571566358025
24.843606361463507,67.32057484567902
24.876953484096344,67.29885609567901
24.91030060672918,67.30530671296296
24.943647729362016,67.29491319444445
24.976994851994853,67.31496913580247
25.010341974627693,67.31873070987655
25.04368909726053,67.32262538580247
25.077036219893365,67.33897183641976
25.1103833425262,67.38437114197531
25.143730465159038,67.40115933641975
25.177077587791874,67.43711805555556
25.210424710424714,67.44019868827161
25.24377183305755,67.52938850308642
25.277118955690387,67.58988040123457
25.310466078323223,67.64006172839507
25.34381320095606,67.67930941358024
25.377160323588896,67.67655285493827
25.410507446221736,67.64080439814815
25.443854568854572,67.599268904321
25.47720169148741,67.50482445987655
25.510548814120245,67.49099922839507
25.54389593675308,67.45773726851851
25.577243059385918,67.45064236111111
25.610590182018754,67.41728202160493
25.643937304651594,67.40005594135802
25.67728442728443,67.38011188271605
25.710631549917267,67.38359182098766
25.743978672550103,67.38232831790124
25.77732579518294,67.39777584876543
25.810672917815776,67.39798225308643
25.844020040448616,67.41586419753087
25.877367163081452,67.44169174382716
25.91071428571429,67.48897955246913
25.944061408347125,67.52362268518519
25.97740853097996,67.53783757716049
26.010755653612797,67.57844714506173
26.044102776245637,67.68669560185185
26.077449898878474,67.72233217592593
26.11079702151131,67.79335841049382
26.144144144144146,67.81982831790124
26.177491266776983,67.83369020061728
26.21083838940982,67.77615547839507
26.24418551204266,67.7208487654321
26.277532634675495,67.63257908950617
26.31087975730833,67.56892168209876
26.344226879941168,67.52771604938272
26.377574002574004,67.51019675925926
26.41092112520684,67.4577700617284
26.44426824783968,67.45167438271605
26.477615370472517,67.43724344135802
26.510962493105353,67.43576967592593
26.54430961573819,67.42476273148148
26.577656738371026,67.42837770061729
26.611003861003862,67.42661844135803
26.644350983636702,67.43177469135803
26.67769810626954,67.43658564814815
26.711045228902375,67.50157986111111
26.74439235153521,67.53751929012346
26.777739474168047,67.60939814814814
26.811086596800884,67.72345679012345
26.84443371943372,67.83571759259259
26.87778084206656,67.90386188271604
26.911127964699396,67.9546412037037
26.944475087332233,68.01422453703704
26.97782220996507,67.99538966049383
27.011169332597905,67.93094328703704
27.04451645523074,67.83618827160494
27.07786357786358,67.70588348765432
27.111210700496418,67.68666280864197
27.144557823129254,67.6146199845679
27.17790494576209,67.6053761574074
27.211252068394927,67.5452662037037
27.244599191027763,67.55409143518519
27.277946313660603,67.53017939814815
27.31129343629344,67.53694637345679
27.344640558926276,67.51344907407407
27.377987681559112,67.50144097222223
27.41133480419195,67.48373649691358
27.444681926824785,67.48698688271605
27.478029049457625,67.48669560185185
27.51137617209046,67.52373649691359
27.544723294723298,67.52708719135802
27.578070417356134,67.5475250771605
27.61141753998897,67.57084683641975
27.644764662621807,67.66421682098765
27.678111785254647,67.71766589506173
27.711458907887483,67.76804976851852
27.74480603052032,67.86335262345679
27.778153153153156,67.89538773148148
27.811500275785992,67.89731674382716
27.84484739841883,67.88974151234568
27.878194521051668,67.84914544753086
27.911541643684505,67.75016396604939
27.94488876631734,67.68958140432099
27.978235888950177,67.64871334876543
28.011583011583014,67.5750675154321
28.04493013421585,67.57160108024691
28.078277256848686,67.55570408950618
28.111624379481526,67.55447145061729
28.144971502114362,67.51559027777778
28.1783186247472,67.54975115740741
28.211665747380035,67.53021604938272
28.24501287001287,67.5465625
28.278359992645708,67.53777391975309
28.311707115278548,67.63493827160494
28.345054237911384,67.67028549382717
28.37840136054422,67.72528549382716
28.411748483177057,67.76608217592593
28.445095605809893,67.87918209876543
28.47844272844273,67.93214699074075
28.51178985107557,68.0146199845679
28.545136973708406,68.11203703703704
28.578484096341242,68.21374228395062
28.61183121897408,68.25179591049383
28.645178341606915,68.28195794753087
28.67852546423975,68.25122299382716
28.71187258687259,68.18377314814815
28.745219709505427,68.12727816358024
28.778566832138264,68.01805169753086
28.8119139547711,67.94735339506173
28.845261077403936,67.82990547839506
28.878608200036773,67.75422260802469
28.911955322669613,67.70099729938272
28.94530244530245,67.61679591049382
28.978649567935285,67.62310956790124
29.01199669056812,67.62692515432099
29.045343813200958,67.61730324074074
29.078690935833794,67.58066358024692
29.112038058466634,67.58484760802469
29.14538518109947,67.57748649691358
29.178732303732307,67.58863233024691
29.212079426365143,67.59181712962963
29.24542654899798,67.68121720679012
29.278773671630816,67.74505594135802
29.312120794263652,67.81568094135802
29.345467916896492,67.86977623456791
29.37881503952933,68.00871913580247
29.412162162162165,68.07228780864197
29.445509284795,68.14331404320987
29.478856407427838,68.18634452160494
29.512203530060674,68.24132908950617
29.545550652693514,68.27054591049382
29.57889777532635,68.26167438271605
29.612244897959187,68.19704668209877
29.645592020592023,68.12813657407408
29.67893914322486,68.05987654320988
29.712286265857696,67.97418016975308
29.745633388490536,67.90349151234568
29.778980511123372,67.79497299382716
29.812327633756208,67.70447337962963
29.845674756389045,67.65552662037037
29.87902187902188,67.59942901234568
29.912369001654717,67.61275462962963
29.945716124287557,67.60673804012346
29.979063246920393,67.60881172839507
30.01241036955323,67.58922067901234
30.045757492186066,67.64203510802469
30.079104614818903,67.66318287037036
30.11245173745174,67.70616898148148
30.14579886008458,67.72029320987654
30.179145982717415,67.84205054012345
30.21249310535025,67.91444058641976
30.245840227983088,67.97904513888889
30.279187350615924,68.04340470679013
30.31253447324876,68.19371720679013
30.3458815958816,68.26326774691358
30.379228718514437,68.32644483024691
30.412575841147273,68.36708140432098
30.44592296378011,68.42517168209876
30.479270086412946,68.42491705246914
30.512617209045782,68.41350694444445
30.54596433167862,68.34293595679013
30.57931145431146,68.2553337191358
30.612658576944295,68.1867399691358
30.64600569957713,68.09448302469136
30.679352822209967,68.02608603395062
30.712699944842804,67.90117476851852
30.74604706747564,67.81092013888889
30.77939419010848,67.77984375
30.812741312741316,67.70080246913581
30.846088435374153,67.7173225308642
30.87943555800699,67.7068788580247
30.912782680639825,67.71462384259259
30.94612980327266,67.69108796296297
30.9794769259055,67.75936149691358
31.012824048538338,67.76516396604939
31.046171171171174,67.80061342592593
31.07951829380401,67.79947145061729
31.112865416436847,67.94591049382716
31.146212539069683,68.01070987654322
31.179559661702523,68.0815162037037
31.21290678433536,68.13491319444445
31.246253906968196,68.2810976080247
31.279601029601032,68.32043788580246
31.31294815223387,68.38504436728395
31.346295274866705,68.41021604938271
31.379642397499545,68.45117091049383
31.41298952013238,68.42027777777778
31.446336642765218,68.34886188271605
31.479683765398054,68.24680169753087
31.51303088803089,68.16274691358025
31.546378010663727,68.09982445987654
31.579725133296566,68.00821952160494
31.613072255929403,67.93866512345679
31.64641937856224,67.8582137345679
31.679766501195076,67.81676697530864
31.713113623827912,67.80472415123457
31.74646074646075,67.7435474537037
31.779807869093585,67.76504629629629
31.813154991726424,67.76306520061729
31.84650211435926,67.78459683641975
31.879849236992097,67.76210841049382
31.913196359624934,67.82411458333333
31.94654348225777,67.83109760802469
31.979890604890606,67.85096836419753
32.013237727523446,67.8241975308642
32.04658485015628,67.92135223765432
32.07993197278912,67.95951967592593
32.11327909542196,68.00449652777777
32.14662621805479,68.05924768518518
32.17997334068763,68.24246913580247
32.213320463320464,68.30339313271605
32.246667585953304,68.39483024691359
32.28001470858614,68.40747492283951
32.31336183121898,68.32717399691359
32.34670895385182,68.17663194444444
32.38005607648465,68.09585262345679
32.41340319911749,67.98448109567902
32.44675032175032,67.92844521604938
32.48009744438316,67.88532214506174
32.513444567016,67.84773533950617
32.546791689648835,67.79929398148148
32.580138812281675,67.74494405864198
32.61348593491451,67.68848186728395
32.64683305754735,67.66770061728396
32.68018018018018,67.61777777777777
32.71352730281302,67.66699652777778
32.74687442544586,67.68501543209877
32.78022154807869,67.74640046296297
32.81356867071153,67.76858024691359
32.846915793344365,67.93570216049383
32.880262915977205,68.02011766975309
32.913610038610045,68.11407021604938
32.94695716124288,68.14118827160493
32.98030428387572,68.26093557098766
33.01365140650855,68.31821566358025
33.04699852914139,68.36560185185185
33.08034565177422,68.39157986111111
33.11369277440706,68.45923611111111
33.1470398970399,68.44895833333334
33.180387019672736,68.37697723765432
33.213734142305576,68.19071180555555
33.24708126493841,68.02585262345679
33.28042838757125,67.89939236111111
33.31377551020408,67.84164737654321
33.34712263283692,67.77759452160494
33.38046975546976,67.75870949074074
33.413816878102594,67.73520640432099
33.447164000735434,67.7068962191358
33.48051112336827,67.67068672839507
33.51385824600111,67.61412229938271
33.547205368633946,67.55670138888888
33.58055249126678,67.54733217592593
33.61389961389962,67.5123013117284
33.64724673653245,67.56800154320987
33.68059385916529,67.6019174382716
33.713940981798125,67.65288194444445
33.747288104430964,67.66346257716049
33.780635227063804,67.82553240740741
33.81398234969664,67.8721161265432
33.84732947232948,67.9158063271605
33.88067659496231,67.90891975308642
33.91402371759515,67.96069830246914
33.94737084022799,67.93485146604938
33.98071796286082,67.95092206790123
34.01406508549366,67.90059220679012
34.047412208126495,67.81262924382716
34.080759330759335,67.63014660493828
34.11410645339217,67.565
34.14745357602501,67.46470486111112
34.18080069865785,67.44050733024692
34.21414782129068,67.41925733024691
34.24749494392352,67.43224344135803
34.28084206655635,67.41057098765432
34.31418918918919,67.44804012345679
34.347536311822026,67.45862268518519
34.380883434454866,67.47826003086419
34.414230557087706,67.46014660493827
34.44757767972054,67.45918595679012
34.48092480235338,67.4406712962963
34.51427192498621,67.46931520061729
34.54761904761905,67.45394290123457
34.58096617025189,67.5409587191358
34.614313292884724,67.5763387345679
34.647660415517564,67.62588541666666
34.681007538150396,67.62967785493827
34.714354660783236,67.71798418209876
34.74770178341607,67.7215625
34.78104890604891,67.7142013888889
34.81439602868175,67.59124035493826
34.84774315131458,67.4242438271605
34.88109027394742,67.30040316358024
34.914437396580254,67.27422453703704
34.947784519213094,67.20497106481481
34.981131641845934,67.20642939814815
35.01447876447877,67.17737461419753
35.04782588711161,67.17505208333333
35.08117300974444,67.15195987654322
35.11452013237728,67.18006172839506
35.14786725501011,67.17773919753087
35.18121437764295,67.18532986111111
35.21456150027579,67.18152391975309
35.247908622908625,67.2577912808642
35.281255745541465,67.280262345679
35.3146028681743,67.3024537037037
35.34794999080714,67.3389525462963
35.38129711343997,67.48995756172839
35.41464423607281,67.53170910493827
35.44799135870565,67.63007330246914
35.48133848133848,67.64818672839506
35.51468560397132,67.76354359567901
35.548032726604156,67.80091049382716
35.581379849236995,67.84917824074074
35.614726971869835,67.81932677469136
35.64807409450267,67.72196373456791
35.68142121713551,67.58235339506173
35.71476833976834,67.53811149691359
35.74811546240118,67.43195408950618
35.781462585034014,67.41244020061728
35.81480970766685,67.36034143518519
35.84815683029969,67.35463541666667
35.881503952932526,67.3113387345679
35.914851075565366,67.3160050154321
35.9481981981982,67.30581597222222
35.98154532083104,67.31360339506173
36.01489244346388,67.28654706790124
36.04823956609671,67.33090084876544
36.08158668872955,67.33775270061729
36.114933811362384,67.37515432098765
36.148280933995224,67.38149884259259
36.18162805662806,67.50677276234568
36.2149751792609,67.5695775462963
36.24832230189374,67.63911458333334
36.28166942452657,67.74723765432098
36.31501654715941,67.92664351851852
36.34836366979224,67.99412808641975
36.38171079242508,68.05287808641975
36.41505791505792,68.04043016975308
36.448405037690755,67.97849729938271
36.481752160323595,67.77941743827161
36.51509928295643,67.71731288580247
36.54844640558927,67.58995949074074
36.5817935282221,67.56043788580247
36.61514065085494,67.51304012345679
36.64848777348778,67.50161458333334
36.68183489612061,67.44251350308642
36.71518201875345,67.44259259259259
36.748529141386285,67.42366512345679
36.781876264019125,67.42516203703704
36.81522338665196,67.39936535493827
36.8485705092848,67.43683834876543
36.88191763191764,67.43889274691358
36.91526475455047,67.45645640432099
36.94861187718331,67.4661188271605
36.98195899981614,67.55942515432099
37.01530612244898,67.60412808641975
37.04865324508182,67.63845679012346
37.082000367714656,67.66775077160494
37.115347490347496,67.77551504629629
37.14869461298033,67.82035686728395
37.18204173561317,67.86579282407408
37.215388858246,67.93114583333333
37.24873598087884,67.91904128086419
37.28208310351168,67.87092013888889
37.315430226144514,67.8273649691358
37.348777348777354,67.72951388888889
37.38212447141019,67.72800733024691
37.41547159404303,67.66579668209877
37.448818716675866,67.6523611111111
37.4821658393087,67.55209876543209
37.51551296194154,67.56869791666666
37.54886008457437,67.53757908950617
37.58220720720721,67.53952353395061
37.615554329840045,67.50028356481481
37.648901452472884,67.53881944444444
37.682248575105724,67.54473958333334
37.71559569773856,67.57759066358025
37.7489428203714,67.56823495370371
37.78228994300423,67.6789699074074
37.81563706563707,67.71802276234568
37.8489841882699,67.75782214506172
37.88233131090274,67.79820408950617
37.91567843353558,67.98308834876543
37.949025556168415,68.0655536265432
37.982372678801255,68.1446875
38.01571980143409,68.13424575617285
38.04906692406693,68.03773533950617
38.08241404669977,67.90026234567901
38.1157611693326,67.79398919753086
38.14910829196544,67.70419367283951
38.18245541459827,67.6269174382716
38.21580253723111,67.55492091049383
38.249149659863946,67.53596836419753
38.282496782496786,67.47788966049383
38.315843905129626,67.50220871913581
38.34919102776246,67.49851851851852
38.3825381503953,67.51366898148149
38.41588527302813,67.4896412037037
38.44923239566097,67.53137345679012
38.48257951829381,67.5347762345679
38.515926640926644,67.56781635802469
38.54927376355948,67.56446566358025
38.582620886192316,67.69428819444444
38.615968008825156,67.74295331790124
38.64931513145799,67.80907214506173
38.68266225409083,67.86900462962963
38.71600937672367,68.00880401234568
38.7493564993565,68.05523726851852
38.78270362198934,68.12899691358025
38.816050744622174,68.15105902777778
38.849397867255014,68.08413580246913
38.882744989887854,67.95943287037036
38.91609211252069,67.88861689814814
38.94943923515353,67.78342399691358
38.98278635778636,67.72724922839507
39.0161334804192,67.68100115740741
39.04948060305203,67.64264467592592
39.08282772568487,67.58647955246913
39.11617484831771,67.51775462962964
39.149521970950545,67.47367283950618
39.182869093583385,67.45767554012346
39.21621621621622,67.39835455246913
39.24956333884906,67.4473186728395
39.28291046148189,67.47256558641975
39.31625758411473,67.5143962191358
39.34960470674757,67.51537808641976
39.3829518293804,67.6724787808642
39.41629895201324,67.72366705246914
39.449646074646076,67.79443287037037
39.482993197278915,67.83639274691357
39.516340319911755,67.9995775462963
39.54968744254459,68.06805555555556
39.58303456517743,68.1574324845679
39.61638168781026,68.19460069444445
39.6497288104431,68.18359953703704
39.68307593307593,68.09860725308641
39.71642305570877,68.0382851080247
39.74977017834161,67.91333912037037
39.783117300974446,67.87056712962963
39.816464423607286,67.80625964506173
39.84981154624012,67.76438657407408
39.88315866887296,67.70746913580247
39.9165057915058,67.68326774691359
39.94985291413863,67.66010802469135
39.98320003677147,67.62369405864197
40.016547159404304,67.59608989197531
40.049894282037144,67.58209683641975
40.08324140466998,67.56039544753087
40.11658852730282,67.57753279320988
40.14993564993566,67.56316936728395
40.18328277256849,67.62197916666666
40.21662989520133,67.64455825617284
40.24997701783416,67.67743055555556
40.283324140467,67.66560956790123
40.316671263099835,67.8321412037037
40.350018385732675,67.95881172839506
40.383365508365515,68.0764988425926
40.41671263099835,68.12002700617283
40.45005975363119,68.16626157407407
40.48340687626402,68.10767361111111
40.51675399889686,68.05962191358024
40.5501011215297,67.90988040123457
40.58344824416253,67.84478009259259
40.61679536679537,67.79597029320988
40.650142489428205,67.76912615740741
40.683489612061045,67.69640046296297
40.71683673469388,67.70374035493828
40.75018385732672,67.67157214506173
40.78353097995956,67.68367476851851
40.81687810259239,67.65997299382715
40.85022522522523,67.66347800925926
40.88357234785806,67.65466049382717
40.9169194704909,67.65625192901234
40.95026659312374,67.6432638888889
40.983613715756576,67.6774074074074
41.016960838389416,67.67964120370371
41.05030796102225,67.70976273148148
41.08365508365509,67.6960262345679
41.11700220628792,67.7927912808642
41.15034932892076,67.84020447530864
41.1836964515536,67.89457561728395
41.217043574186434,67.91536651234568
41.250390696819274,68.00414351851852
41.28373781945211,68.03282021604939
41.317084942084946,68.07097222222222
41.350432064717786,68.0433063271605
41.38377918735062,67.99101851851852
41.41712630998346,67.90557870370371
41.45047343261629,67.8468537808642
41.48382055524913,67.74692708333333
41.517167677881964,67.68774691358024
41.550514800514804,67.6351099537037
41.583861923147644,67.60413194444445
41.61720904578048,67.52424575617285
41.65055616841332,67.50918016975308
41.68390329104615,67.47869984567902
41.71725041367899,67.45854359567902
41.75059753631182,67.43235339506172
41.78394465894466,67.45300925925926
41.8172917815775,67.44854166666667
41.850638904210335,67.44884066358024
41.883986026843175,67.45295524691358
41.91733314947601,67.49255594135802
41.95068027210885,67.4793711419753
41.98402739474169,67.50687307098765
42.01737451737452,67.48770447530865
42.05072164000736,67.61611882716049
42.08406876264019,67.69200038580247
42.11741588527303,67.80998263888888
42.150763007905866,67.88980324074075
42.184110130538706,67.98686728395062
42.217457253171546,68.00705054012346
42.25080437580438,67.986043595679
42.28415149843722,67.87667052469136
42.31749862107005,67.8458738425926
42.35084574370289,67.79581597222223
42.38419286633573,67.76222800925926
42.417539988968564,67.69600115740741
42.4508871116014,67.67583333333333
42.484234234234236,67.64639853395062
42.517581356867076,67.63101658950617
42.55092847949991,67.59032793209876
42.58427560213275,67.55902006172839
42.61762272476559,67.5376350308642
42.65096984739842,67.5206462191358
42.68431697003126,67.5102025462963
42.717664092664094,67.51254822530865
42.751011215296934,67.50082561728395
42.78435833792977,67.5039274691358
42.81770546056261,67.51496141975309
42.85105258319545,67.55887538580247
42.88439970582828,67.56327546296296
42.91774682846112,67.59549961419754
42.95109395109395,67.5918287037037
42.98444107372679,67.69332947530864
43.01778819635963,67.74538194444445
43.051135318992465,67.79487075617284
43.084482441625305,67.81696759259259
43.11782956425814,67.88204475308642
43.15117668689098,67.87031057098766
43.18452380952381,67.87543981481481
43.21787093215665,67.81322530864198
43.25121805478949,67.81285108024692
43.28456517742232,67.76673032407408
43.31791230005516,67.72661844135803
43.351259422687995,67.6409375
43.384606545320835,67.61175154320988
43.417953667953675,67.58025848765432
43.45130079058651,67.57656057098765
43.48464791321935,67.52035108024691
43.51799503585218,67.49670331790124
43.55134215848502,67.46858024691358
43.58468928111785,67.45091435185185
43.61803640375069,67.4129224537037
43.65138352638353,67.40537422839506
43.684730649016366,67.40494212962963
43.718077771649206,67.40788773148148
43.75142489428204,67.4124363425926
43.78477201691488,67.46011188271605
43.81811913954772,67.45404706790123
43.85146626218055,67.51751736111112
43.88481338481339,67.52792052469135
43.918160507446224,67.69561342592593
43.951507630079064,67.77724151234568
43.9848547527119,67.85490547839507
44.01820187534474,67.90529706790123
44.05154899797758,67.88813464506173
44.08489612061041,67.78340084876544
44.11824324324325,67.74259837962963
44.15159036587608,67.6415162037037
44.18493748850892,67.6086612654321
44.218284611141755,67.55658950617284
44.251631733774595,67.52162808641975
44.284978856407434,67.4546624228395
44.31832597904027,67.43555169753087
44.35167310167311,67.40686728395062
44.38502022430594,67.40713927469136
44.41836734693878,67.38062885802469
44.45171446957162,67.39641203703704
44.48506159220445,67.3954050925926
44.51840871483729,67.40047453703704
44.551755837470125,67.39639467592593
44.585102960102965,67.46190586419753
44.6184500827358,67.49963348765432
44.65179720536864,67.55952160493827
44.68514432800148,67.64781828703704
44.71849145063431,67.79376736111111
44.75183857326715,67.84785493827161
44.78518569589998,67.93581211419753
44.81853281853282,67.94786844135803
44.85187994116566,68.0703086419753
44.885227063798496,68.13049768518519
44.918574186431336,68.1913888888889
44.95192130906417,68.19308063271605
44.98526843169701,68.14793209876544
45.01861555432984,68.00707947530864
45.05196267696268,67.93046875
45.08530979959552,67.81126350308642
45.118656922228354,67.76362075617284
45.152004044861194,67.70395061728395
45.18535116749403,67.67371527777777
45.218698290126866,67.60307291666666
45.2520454127597,67.57679205246913
45.28539253539254,67.55553433641975
45.31873965802538,67.53916859567902
45.35208678065821,67.49463927469135
45.38543390329105,67.52866512345679
45.418781025923884,67.53653163580248
45.452128148556724,67.54250578703704
45.485475271189564,67.55831983024692
45.5188223938224,67.62246527777778
45.55216951645524,67.65480902777777
45.58551663908807,67.67605324074074
45.61886376172091,67.71438657407407
45.65221088435374,67.89531635802469
45.68555800698658,67.99737461419753
45.71890512961942,68.12994598765432
45.752252252252255,68.17193479938271
45.785599374885095,68.29998649691358
45.81894649751793,68.34056327160494
45.85229362015077,68.40168016975309
45.88564074278361,68.38158179012346
45.91898786541644,68.31991898148148
45.95233498804928,68.17563078703704
45.98568211068211,68.08652584876543
46.01902923331495,67.96890432098765
46.052376355947786,67.9406462191358
46.085723478580626,67.8724537037037
46.119070601213465,67.84098572530864
46.1524177238463,67.7894425154321
46.18576484647914,67.76155671296296
46.21911196911197,67.73381558641975
46.25245909174481,67.72827353395061
46.28580621437765,67.69553240740741
46.31915333701048,67.7020273919753
46.35250045964332,67.69568672839506
46.385847582276156,67.70880401234568
46.419194704908996,67.73304976851851
46.45254182754183,67.78468171296296
46.48588895017467,67.83511574074075
46.51923607280751,67.86598379629629
46.55258319544034,67.91313078703703
46.58593031807318,68.04550347222222
46.619277440706014,68.13085648148149
46.652624563338854,68.26326195987654
46.68597168597169,68.30981095679013
46.71931880860453,68.40331211419753
46.75266593123737,68.41875385802469
46.7860130538702,68.40303433641975
46.81936017650304,68.24877700617284
46.85270729913587,68.15323109567902
46.88605442176871,68.02970100308642
46.91940154440155,67.96388503086419
46.952748667034385,67.84374228395062
46.986095789667225,67.82867283950617
47.01944291230006,67.78510609567901
47.0527900349329,67.77969328703703
47.08613715756573,67.72592592592592
47.11948428019857,67.73125964506173
47.15283140283141,67.71130979938272
47.18617852546424,67.72153163580246
47.21952564809708,67.71075617283951
47.252872770729915,67.7415451388889
47.286219893362755,67.75862654320987
47.319567015995595,67.80150655864198
47.35291413862843,67.80547260802469
47.38626126126127,67.91527199074073
47.4196083838941,68.00293788580247
47.45295550652694,68.05350308641975
47.48630262915977,68.1032349537037
47.51964975179261,68.22237075617284
47.55299687442545,68.2464949845679
47.586343997058286,68.28792052469136
47.619691119691126,68.28124035493828
47.65303824232396,68.3171624228395
47.6863853649568,68.27531057098766
47.71973248758963,68.1890625
47.75307961022247,68.00157407407407
47.78642673285531,67.90821952160493
47.819773855488144,67.82385223765432
47.853120978120984,67.78460455246913
47.88646810075382,67.70951388888889
47.91981522338666,67.6851099537037
47.9531623460195,67.6520949074074
47.98650946865233,67.64302662037036
48.01985659128517,67.59967399691358
48.053203713918,67.60530478395061
48.08655083655084,67.59526813271604
48.119897959183675,67.60115740740741
48.153245081816515,67.56945601851852
48.186592204449354,67.61050925925926
48.21993932708219,67.63263888888889
48.25328644971503,67.65891975308642
48.28663357234786,67.6861612654321
48.3199806949807,67.79542052469135
48.35332781761354,67.85967013888889
48.38667494024637,67.90447916666666
48.42002206287921,67.93840084876543
48.453369185512045,68.11913387345679
48.486716308144885,68.16225115740741
48.52006343077772,68.23843171296296
48.55341055341056,68.21462577160494
48.5867576760434,68.18000578703703
48.62010479867623,68.07233217592592
48.65345192130907,67.8166763117284
48.6867990439419,67.63996527777778
48.72014616657474,67.56352044753086
48.75349328920758,67.50510416666667
48.786840411840416,67.4782098765432
48.820187534473256,67.4349749228395
48.85353465710609,67.4545273919753
48.88688177973893,67.43111882716049
48.92022890237176,67.44623263888889
48.9535760250046,67.42295717592593
48.98692314763744,67.4455613425926
49.020270270270274,67.44847222222222
49.053617392903114,67.47383101851852
49.086964515535946,67.47535879629629
49.120311638168786,67.54977237654322
49.15365876080162,67.60854359567901
49.18700588343446,67.64994212962964
49.2203530060673,67.70860725308641
49.25370012870013,67.83987847222222
49.28704725133297,67.92126350308642
49.320394373965804,68.00072145061728
49.353741496598644,68.05822723765432
49.387088619231484,68.15995949074075
49.42043574186432,68.17473186728395
49.45378286449716,68.20142939814815
49.48712998712999,68.16195023148148
49.52047710976283,68.05834104938272
49.55382423239566,67.87510030864198
49.5871713550285,67.82113618827161
49.62051847766134,67.71565007716049
49.653865600294175,67.70390432098766
49.687212722927015,67.67693479938272
49.72055984555985,67.67088541666666
49.75390696819269,67.61596836419753
49.78725409082553,67.6151986882716
49.82060121345836,67.58767939814815
49.8539483360912,67.58737075617285
49.88729545872403,67.56627700617284
49.92064258135687,67.59387924382716
49.953989703989706,67.59049768518518
49.987336826622546,67.59909915123457
50.020683949255385,67.60474729938272
50.05403107188822,67.71316550925926
50.08737819452106,67.7765663580247
50.12072531715389,67.80914158950617
50.15407243978673,67.88096836419753
50.187419562419564,67.98875964506173
50.2207666850524,68.05309413580247
50.25411380768524,68.08895640432098
50.287460930318076,68.13810956790124
50.320808052950916,68.07633294753086
50.35415517558375,67.97882908950618
50.38750229821659,67.61970486111112
50.42084942084943,67.42976466049383
50.45419654348226,67.41873263888888
50.4875436661151,67.3595775462963
50.520890788747934,67.35971064814815
50.554237911380774,67.28316165123456
50.58758503401361,67.29177083333333
50.62093215664645,67.28549961419753
50.65427927927929,67.28296682098765
50.68762640191212,67.24420910493828
50.72097352454496,67.26143518518519
50.75432064717779,67.25898919753087
50.78766776981063,67.27314043209877
50.82101489244347,67.27899305555556
50.854362015076305,67.35376157407407
50.887709137709145,67.38927276234568
50.92105626034198,67.42383294753087
50.95440338297482,67.48300154320988
50.98775050560765,67.61601851851852
51.02109762824049,67.67854359567902
51.05444475087333,67.7274749228395
51.08779187350616,67.82288580246913
51.121138996139,67.9583275462963
51.154486118771835,68.06777391975308
51.187833241404675,68.13614969135803
51.22118036403751,68.19186342592593
51.25452748667035,68.08164544753086
51.28787460930319,67.93000192901235
51.32122173193602,67.59867669753086
51.35456885456886,67.4258236882716
51.38791597720169,67.43065586419753
51.42126309983453,67.3954475308642
51.45461022246737,67.41500192901235
51.487957345100206,67.36249228395062
51.521304467733046,67.38260802469136
51.55465159036588,67.34832561728395
51.58799871299872,67.35191165123457
51.62134583563155,67.31812307098765
51.65469295826439,67.345
51.68804008089723,67.3355150462963
51.721387203530064,67.34673225308642
51.754734326162904,67.34417824074075
51.78808144879574,67.4692862654321
51.82142857142858,67.50847415123457
51.854775694061416,67.56406828703703
51.88812281669425,67.63289737654321
51.92146993932709,67.78647376543209
51.95481706195992,67.85482445987654
51.98816418459276,67.9221662808642
52.021511307225595,67.97791473765432
52.054858429858434,68.09365547839506
52.088205552491274,68.10267168209876
52.12155267512411,68.12708719135803
52.15489979775695,68.14289158950618
52.18824692038978,68.05193479938272
52.22159404302262,67.86979552469136
52.25494116565546,67.4698476080247
52.28828828828829,67.33643518518518
52.32163541092113,67.34281635802469
52.354982533553965,67.31156828703703
52.388329656186805,67.31480131172839
52.42167677881964,67.28975501543209
52.45502390145248,67.30576774691357
52.48837102408532,67.29646990740741
52.52171814671815,67.30962962962963
52.55506526935099,67.28073688271606
52.58841239198382,67.2957349537037
52.62175951461666,67.29402391975309
52.655106637249496,67.31702739197532
52.688453759882336,67.32689814814815
52.721800882515176,67.41170138888889
52.75514800514801,67.4435262345679
52.78849512778085,67.47610532407407
52.82184225041368,67.51097222222222
52.85518937304652,67.67707947530864
52.88853649567936,67.79155864197531
52.921883618312194,67.90023148148148
52.955230740945034,67.99259259259259
52.988577863577866,68.10701195987654
53.021924986210706,68.15250192901235
53.05527210884354,68.21075231481481
53.08861923147638,68.1972125771605
53.12196635410922,67.91145061728395
53.15531347674205,67.63340663580247
53.18866059937489,67.57325810185185
53.222007722007724,67.47252700617284
53.255354844640564,67.49386959876543
53.288701967273404,67.4667573302469
53.32204908990624,67.47814043209877
53.35539621253908,67.42350308641976
53.38874333517191,67.44681905864198
53.42209045780475,67.43429012345679
53.45543758043758,67.43958140432099
53.48878470307042,67.40516589506173
53.52213182570326,67.46263888888889
53.555478948336095,67.47240162037038
53.588826070968935,67.48891782407408
53.62217319360177,67.48097222222222
53.65552031623461,67.6027951388889
53.68886743886744,67.65788966049382
53.72221456150028,67.72066165123456
53.75556168413312,67.78906828703704
53.78890880676595,67.94797453703704
53.82225592939879,68.0396875
53.855603052031626,68.15443865740741
53.888950174664465,68.21397762345678
53.922297297297305,68.29636188271606
53.95564441993014,68.32479166666667
53.98899154256298,68.24907986111111
54.02233866519581,67.76829089506172
54.05568578782865,67.53934413580247
54.08903291046148,67.4088888888889
54.12238003309432,67.36564814814815
54.15572715572716,67.28690972222222
54.189074278359996,67.30604552469136
54.222421400992836,67.28498070987655
54.25576852362567,67.27837191358024
54.28911564625851,67.22669945987654
54.32246276889135,67.23504436728395
54.35580989152418,67.21811535493828
54.38915701415702,67.24029513888888
54.422504136789854,67.22467399691358
54.455851259422694,67.27626736111111
54.48919838205553,67.28288194444444
54.52254550468837,67.3151311728395
54.55589262732121,67.34154320987655
54.58923974995404,67.49860339506174
54.62258687258688,67.5640374228395
54.65593399521971,67.65094907407408
54.68928111785255,67.7608449074074
54.72262824048539,67.93735146604938
54.755975363118225,68.0341763117284
54.789322485751065,68.1238638117284
54.8226696083839,68.20901234567901
54.85601673101674,68.25295138888889
54.88936385364957,68.23917824074074
54.92271097628241,68.02736882716049
54.95605809891525,67.70193287037037
54.98940522154808,67.55268518518518
55.02275234418092,67.46582947530864
55.056099466813755,67.42708719135803
55.089446589446595,67.34254822530865
55.12279371207943,67.34916473765432
55.15614083471227,67.32296296296296
55.18948795734511,67.31205825617283
55.22283507997794,67.2582349537037
55.25618220261078,67.28108989197531
55.28952932524361,67.27324652777777
55.32287644787645,67.29463541666667
55.35622357050929,67.28549189814815
55.389570693142126,67.36486111111111
55.422917815774966,67.39582947530864
55.4562649384078,67.47263117283951
55.48961206104064,67.54222800925926
55.52295918367347,67.69865740740741
55.55630630630631,67.76792824074074
55.58965342893915,67.84997299382717
55.623000551571984,67.90777199074074
55.656347674204824,68.04669945987655
55.68969479683766,68.10967592592593
55.7230419194705,68.18837962962964
55.756389042103336,68.27097222222223
55.78973616473617,68.31919560185185
55.82308328736901,68.26510030864198
55.85643041000184,68.0622974537037
55.88977753263468,67.86429205246914
55.923124655267515,67.72574074074075
55.956471777900354,67.64352237654322
55.989818900533194,67.58672067901234
56.02316602316603,67.48276041666666
56.05651314579887,67.50664737654321
56.0898602684317,67.48658371913581
56.12320739106454,67.48791087962962
56.15655451369737,67.44177276234568
56.18990163633021,67.45694058641975
56.22324875896305,67.44501929012345
56.256595881595885,67.46860146604938
56.289943004228725,67.44488233024691
56.32329012686156,67.51970679012345
56.3566372494944,67.54296682098766
56.38998437212724,67.58701774691357
56.42333149476007,67.60531828703704
56.45667861739291,67.76948688271605
56.49002574002574,67.83295717592593
56.52337286265858,67.91433641975308
56.556719985291416,68.00613233024691
56.590067107924256,68.15902970679012
56.623414230557096,68.2273186728395
56.65676135318993,68.18895833333333
56.69010847582277,67.99114583333333
56.7234555984556,67.7990162037037
56.75680272108844,67.68328317901235
56.79014984372128,67.62986689814815
56.823496966354114,67.53361304012346
56.85684408898695,67.4217862654321
56.890191211619786,67.34650462962964
56.923538334252626,67.33184413580247
56.95688545688546,67.25313657407408
56.9902325795183,67.28535300925925
57.02357970215114,67.28402391975308
57.05692682478397,67.29824266975308
57.09027394741681,67.2650887345679
57.123621070049644,67.34523919753086
57.156968192682484,67.35460648148148
57.190315315315324,67.3853587962963
57.22366243794816,67.37960648148149
57.257009560581,67.53967399691358
57.29035668321383,67.62965277777778
57.32370380584667,67.76058063271606
57.3570509284795,67.86884259259259
57.39039805111234,68.02955054012345
57.42374517374518,68.09592785493827
57.457092296378015,68.1875038580247
57.490439419010855,68.23991319444444
57.52378654164369,68.25204089506173
57.55713366427653,68.17152199074074
57.59048078690936,67.7298013117284
57.6238279095422,67.55929398148149
57.65717503217504,67.44565972222222
57.69052215480787,67.39257908950617
57.72386927744071,67.34504822530864
57.757216400073546,67.25898148148148
57.790563522706385,67.17116898148149
57.823910645339225,67.10581983024692
57.85725776797206,67.07843171296297
57.8906048906049,67.0239313271605
57.92395201323773,67.05632330246914
57.95729913587057,67.06931712962962
57.9906462585034,67.08782021604938
58.02399338113624,67.07619791666667
58.05734050376908,67.18530478395061
58.090687626401916,67.22080632716049
58.124034749034756,67.28916473765432
58.15738187166759,67.3547299382716
58.19072899430043,67.52558641975308
58.22407611693327,67.60790895061729
58.2574232395661,67.72080825617284
58.29077036219894,67.78916087962963
58.324117484831774,67.94998070987654
58.357464607464614,68.01470100308642
58.39081173009745,68.13087191358025
58.42415885273029,68.19368441358024
58.45750597536313,68.12283564814815
58.49085309799596,67.84296682098766
58.5242002206288,67.68739583333333
58.55754734326163,67.53666087962964
58.59089446589447,67.44112654320988
58.624241588527305,67.3849112654321
58.657588711160145,67.27490354938271
58.690935833792985,67.22489197530864
58.72428295642582,67.13715663580247
58.75763007905866,67.07469521604938
58.79097720169149,67.05153163580248
58.82432432432433,66.98589313271604
58.85767144695717,67.01113425925926
58.89101856959,67.00920138888888
58.92436569222284,67.02557484567902
58.957712814855675,67.01220100308642
58.991059937488515,67.11759837962963
59.02440706012135,67.15682870370371
59.05775418275419,67.21412808641975
59.09110130538703,67.25708140432099
59.12444842801986,67.43198881172839
59.1577955506527,67.53304976851852
59.19114267328553,67.66837577160494
59.22448979591837,67.7810725308642
59.25783691855121,67.90897955246913
59.291184041184046,67.9478549382716
59.324531163816886,67.94580054012346
59.35787828644972,67.82126350308641
59.39122540908256,67.57565393518519
59.42457253171539,67.42943094135802
59.45791965434823,67.36780285493828
59.49126677698107,67.29889660493828
59.524613899613904,67.2496662808642
59.557961022246744,67.22487075617283
59.59130814487958,67.20421489197531
59.624655267512416,67.19541859567902
59.658002390145256,67.14527199074074
59.69134951277809,67.11633101851852
59.72469663541093,67.10961419753086
59.75804375804376,67.0885050154321
59.7913908806766,67.16034143518519
59.824738003309434,67.21594328703704
59.858085125942274,67.26623649691358
59.891432248575114,67.30770061728396
59.92477937120795,67.45509645061729
59.95812649384079,67.5454938271605
59.99147361647362,67.69430362654322
60.02482073910646,67.75480709876543
60.05816786173929,67.93372106481482
60.09151498437213,68.03208333333333
60.12486210700497,68.12485918209876
60.158209229637805,68.21674961419752
60.191556352270645,68.35600694444445
60.22490347490348,68.40748456790124
60.25825059753632,68.35256944444444
60.29159772016916,67.76175540123457
60.32494484280199,67.56393518518519
60.35829196543483,67.30464699074074
60.39163908806766,65.97391975308642
60.4249862107005,65.93414544753087
